method,family,n_assets,seed,goal_mult,hist_goal_hit,hist_terminal_wealth,hist_shortfall,hist_max_drawdown,goal_probability,terminal_wealth,mc_goal_prob,mc_goal_prob_ci_lo,mc_goal_prob_ci_hi,mc_shortfall_mean,mc_mean_wealth,mc_median_wealth,mc_wealth_p05,mc_wealth_p25,mc_wealth_p75,mc_wealth_p95,mean_gross_leverage,max_gross_leverage,mean_net_exposure,max_single_name_weight,turnover,wealth_vol,test_u,train_time_sec,solve_time_sec,nn_param_count
fd_nd,fd,10,1,1.1,True,1.245979725917183,0.0,-0.10925245903191527,0.901,1.245979725917183,0.901,0.8877375,0.9142625,0.036415492499264145,1.0982776152883362,1.1347022005965477,0.7363681038624256,1.1181881350946896,1.1505178363023327,1.1694555462465754,1.5335550516692065,8.000000000000002,-0.06958202033653896,0.2624117243583805,303.4250407392731,0.09473374987745757,,0.0,2.283113134006271,0
fd_merton_multi,fd,10,1,1.1,True,1.5418531631187347,0.0,-0.02188869481519473,1.0,1.5418531631187347,,,,,,,,,,,1.0,1.0,0.02774055765295558,0.22187787289251332,0.0,0.031915269350295,,0.0,0.00012062401219736785,0
nn_mlp_small,nn,10,1,1.1,True,1.9957983560361667,0.0,-0.23323711763690258,0.8535,1.9957983560361667,0.8535,0.8382375,0.869,0.042156786187158055,1.2983923541828295,1.3373299343170881,0.731735223241858,1.2138689401379192,1.4416018778207476,1.6367320024789134,8.0,8.000000000000002,-2.0,2.516562842993972,58.90992811978485,0.2290955728476382,0.8467300534248352,17.080304948001867,0.0,1482
nn_mlp_deep,nn,10,1,1.1,True,1.486024483613028,0.0,-0.21647888458131637,0.886,1.486024483613028,0.886,0.8725,0.8992625,0.049727280986628174,1.246001997107943,1.2902193918064264,0.585164949760746,1.2288363946737708,1.3490981475141708,1.5025618381091672,8.0,8.000000000000002,-2.0,2.864077491266955,82.5294013132715,0.20677330426741503,0.8835253715515137,17.102105212994502,0.0,6762
nn_policy_net,nn,10,1,1.1,True,2.3002256821648692,0.0,-0.21216958828135835,0.875,2.3002256821648692,0.875,0.86,0.888,0.047397671016819104,1.255182856972373,1.2871902978625713,0.6367039354283948,1.2020643509383218,1.3853974814259629,1.5761084491069448,8.0,8.000000000000002,-2.0,2.4464756230114406,36.27692236575985,0.16705428876718456,0.8671326637268066,16.98073980199115,0.0,34698
nn_ste_goalreach,nn,10,1,1.1,True,2.3002256821648692,0.0,-0.21216958828135835,0.875,2.3002256821648692,0.875,0.86,0.888,0.047397671016819104,1.255182856972373,1.2871902978625713,0.6367039354283948,1.2020643509383218,1.3853974814259629,1.5761084491069448,8.0,8.000000000000002,-2.0,2.4464756230114406,36.27692236575985,0.16705428876718456,0.8671875,16.847255254004267,0.0,34698
nn_digital_hedge,nn,10,1,1.1,True,1.2154519401113664,0.0,-0.108365372672659,0.5605,1.2154519401113664,0.5605,0.54,0.5792625,0.026036380695496582,1.116009446218885,1.106168032743764,0.9931660210787308,1.0522093541457607,1.160826010100806,1.2885237572642385,1.6838041055725137,3.531916804611683,0.04670978325108687,0.3735987797008818,21.39616857841611,0.07470034923438308,0.53515625,14.275226551995729,0.0,33537
nn_policy_long_only,nn,10,1,1.1,True,1.8480094786231471,0.0,-0.33557710380616934,0.6925,1.8480094786231471,0.6925,0.674,0.711025,0.04420573083257067,1.2691079463611814,1.2286898696497786,0.8485639009063932,1.0563247382749597,1.4427153987096943,1.8161133785970849,1.0000883324229302,1.000088483095169,1.0000883324229302,0.9999731684205544,1.5467405319213867e-05,0.23920274458416596,0.6614025831222534,16.10997046700504,0.0,34698
nn_ste_long_only,nn,10,1,1.1,True,1.848006115182224,0.0,-0.33557992253716384,0.6925,1.848006115182224,0.6925,0.674,0.711025,0.04420597540014777,1.2691087043710372,1.2286905763382618,0.8485637517171544,1.0563238797115977,1.4427171760646647,1.8161154193902191,1.0001022580844252,1.0001024305820465,1.0001022580844252,0.9999724245190027,1.7642974853515625e-05,0.23920376155135212,0.6865234375,10.455134992997046,0.0,34698
nn_digital_hedge_long_only,nn,10,1,1.1,True,1.1204783852964433,0.0,-0.24320570632279903,0.5585,1.1204783852964433,0.5585,0.5377125,0.5792625,0.03287273492840933,1.1348429756320462,1.123332504854051,0.957308686883429,1.043390840846477,1.2004668050923453,1.3856598658097903,0.6266323657456174,1.0000001266598701,0.6266323657456174,0.26114135672203936,7.871582377701998,0.10018810373323173,0.5693359375,7.718630471994402,0.0,33537
nn_historical_replay,nn,10,1,1.1,True,1.3951353252909762,0.0,-0.49526152575428073,0.613,1.3951353252909762,0.613,0.5917375,0.631,0.15711397959240583,1.0725605446278828,1.2284884910136902,0.3760009574979267,0.8264024820321451,1.312499535903357,1.430889385068944,6.96645044545036,8.000000000000002,-3.0335495545496394,2.0837428430793605,457.3275408793961,0.36794100513217726,1.0,7.28870808800275,0.0,35082
nn_historical_replay_long_only,nn,10,1,1.1,True,2.221843686864453,0.0,-0.6111121131342141,0.7035,2.221843686864453,0.7035,0.6837125000000001,0.7247625,0.07401266237548851,1.5396480570559037,1.3833379913748562,0.6743405663419719,1.0266110329465754,1.8839420822605484,2.895043513535343,1.998863278870559,1.9988661110401154,1.998863278870559,0.9993786902570013,0.0001983642578125,0.4606771949353751,1.0,7.222720956997364,0.0,35082
deep_bsde,nn,10,1,1.1,True,1.5389740435928954,0.0,-0.26976593656858916,0.835,1.5389740435928954,0.835,0.8187375,0.8512625,0.09635808923154562,1.2241361339545673,1.2744932632933068,0.3457032012307204,1.1977199558234453,1.3922737106703202,1.7086285673942823,7.999944482395305,8.000000000000002,-2.0000555176046952,2.2929373963752884,239.02129719980198,0.2681623582392033,0.8550245761871338,35.68446904499433,0.0,59280
pinn,nn,10,1,1.1,True,2.0407266684680345,0.0,-0.244204227144174,0.873,2.0407266684680345,0.873,0.858,0.8867625,0.03868540265864509,1.267822179072144,1.2792968969663647,0.7266121138716742,1.1900373282980006,1.385347827135581,1.6236118786878095,8.0,8.000000000000002,-2.0,2.304626395232816,58.843892569684776,0.2004748531695422,0.8567177653312683,43.609546941996086,0.0,9227
actor_critic,nn,10,1,1.1,True,2.072268961213688,0.0,-0.2656951015349346,0.864,2.072268961213688,0.864,0.8492375,0.878,0.06258159361167873,1.3075200895069834,1.343317157182343,0.5256347637795532,1.2444282591341538,1.4575991770540853,1.7412043663787822,8.0,8.000000000000002,-2.0,2.4098245820430706,78.9044178820545,0.23819048392306882,0.8625826239585876,20.10557142998732,0.0,9419
lstm,nn,10,1,1.1,True,5.153949329062369,0.0,-0.3675709608419345,0.785,5.153949329062369,0.785,0.7687375,0.8027625,0.046724163632439954,1.4164829057903425,1.3935986478751914,0.7504278675606805,1.1375527836891866,1.6608635382571282,2.1405004424781024,8.0,8.000000000000002,-2.0,2.5956954728125963,27.344689892996758,0.2963833401591546,0.7898516654968262,20.527290386002278,0.0,4938
transformer,nn,10,1,1.1,True,4.681407933301886,0.0,-0.34443272998733854,0.7475,4.681407933301886,0.7475,0.7295,0.7647625,0.07395373478899793,1.5176254518098105,1.4989727318153574,0.6246623308163792,1.0944525818020265,1.9121369299678355,2.479281820363838,8.0,8.000000000000002,-2.0,2.5546436124723035,55.65191809618475,0.3165051133597953,0.679385781288147,24.384954305001884,0.0,17514
es_grpo,nn,10,1,1.1,True,3.4701150065635815,0.0,-0.3083698929677515,0.782,3.4701150065635815,0.782,0.764,0.7997625,0.04613737332677707,1.358728884648214,1.3573438323082563,0.777835106691737,1.1340935839387094,1.583719184723441,1.9329438674098542,8.0,8.000000000000002,-2.0,2.2566706419407403,41.35128987685865,0.23636370469092688,0.791015625,5.002409327003988,0.0,5002
es_grpo_long_only,nn,10,1,1.1,True,1.392523104125847,0.0,-0.6658965868674169,0.7605,1.392523104125847,0.7605,0.741,0.7777625,0.04930955119786964,1.498744020314466,1.4028627192329752,0.780131564065286,1.1178605228794334,1.7998829501164788,2.506614429001655,2.45583947330565,2.678908944129944,2.45583947330565,0.9208265510957633,12.446276247501373,0.4226406783784698,0.7265625,11.236750269003096,0.0,5002
fd_nd,fd,10,2,1.1,True,1.245979725917183,0.0,-0.10925245903191527,0.901,1.245979725917183,0.901,0.8877375,0.9142625,0.036415492499264145,1.0982776152883362,1.1347022005965477,0.7363681038624256,1.1181881350946896,1.1505178363023327,1.1694555462465754,1.5335550516692065,8.000000000000002,-0.06958202033653896,0.2624117243583805,303.4250407392731,0.09473374987745757,,0.0,2.283113134006271,0
fd_merton_multi,fd,10,2,1.1,True,1.5418531631187347,0.0,-0.02188869481519473,1.0,1.5418531631187347,,,,,,,,,,,1.0,1.0,0.02774055765295558,0.22187787289251332,0.0,0.031915269350295,,0.0,0.00012062401219736785,0
nn_mlp_small,nn,10,2,1.1,True,3.837544113085309,0.0,-0.32850789475610365,0.805,3.837544113085309,0.805,0.7875,0.82,0.04334844298693424,1.4082052034031094,1.4119710282502598,0.7635668416285062,1.1697260476444518,1.638923980449342,2.0326181717755385,8.0,8.000000000000002,-2.0,2.435872946535966,35.743897608377424,0.2700733883401677,0.8007639646530151,15.735727053004666,0.0,1482
nn_mlp_deep,nn,10,2,1.1,True,2.010579863823958,0.0,-0.18422160031821921,0.8975,2.010579863823958,0.8975,0.886,0.909,0.04396165674651863,1.2748425706317388,1.3090075533596806,0.6309554003546993,1.225250229248897,1.3990997730213954,1.5575127695072526,8.0,8.000000000000002,-2.0,2.56664056744998,53.989133370185485,0.20037427709133843,0.8590983152389526,17.178991021006368,0.0,6762
nn_policy_net,nn,10,2,1.1,True,1.3741701120538037,0.0,-0.2656978596881737,0.902,1.3741701120538037,0.902,0.8887375,0.9145,0.04141752830953193,1.230771390506375,1.2595588281335195,0.6636479453595919,1.1957632949083685,1.3276271459629816,1.4879696401756113,8.0,8.000000000000002,-2.0,2.6218893058880375,101.31181505040287,0.2034656613544881,0.8720371723175049,17.251048760008416,0.0,34698
nn_ste_goalreach,nn,10,2,1.1,True,1.3741701120538037,0.0,-0.2656978596881737,0.902,1.3741701120538037,0.902,0.8887375,0.9145,0.04141752830953193,1.230771390506375,1.2595588281335195,0.6636479453595919,1.1957632949083685,1.3276271459629816,1.4879696401756113,8.0,8.000000000000002,-2.0,2.6218893058880375,101.31181505040287,0.2034656613544881,0.869140625,17.08227624600113,0.0,34698
nn_digital_hedge,nn,10,2,1.1,True,1.2254490325021163,0.0,-0.15776518725175304,0.622,1.2254490325021163,0.622,0.6015,0.6422625,0.025024999821813186,1.1484105002169445,1.1269083627015433,0.9819799710035618,1.059843445880828,1.219774072854732,1.380076255425289,2.2873774419774984,4.756781108677387,0.06345328663508246,0.507518314410798,24.67861621826887,0.10485821268030318,0.64697265625,14.7817477589997,0.0,33537
nn_policy_long_only,nn,10,2,1.1,True,1.8480101325009333,0.0,-0.33556987179326503,0.695,1.8480101325009333,0.695,0.6747375,0.7135,0.04218663362700936,1.2667365706607876,1.2370812785334855,0.8496755035086201,1.0649520099560446,1.4457473312615043,1.7715213869842654,1.0000523709539157,1.0000527203083038,1.0000523709539157,0.999969179772619,1.055002212524414e-05,0.23919995849832787,0.6662890911102295,16.68341839200002,0.0,34698
nn_ste_long_only,nn,10,2,1.1,True,1.8479904956428623,0.0,-0.3355758821309044,0.695,1.8479904956428623,0.695,0.6747375,0.7135,0.04218671900446504,1.266737059041668,1.2370821149711209,0.8496746873733653,1.064950230465191,1.4457465920423234,1.7715244520122284,1.0000830654481156,1.000083476305008,1.0000830654481156,0.9999631251268719,1.0788440704345703e-05,0.23920076685273117,0.6982421875,6.548696147990995,0.0,34698
nn_digital_hedge_long_only,nn,10,2,1.1,True,1.122162224928767,0.0,-0.25360955147802555,0.56,1.122162224928767,0.56,0.5397375,0.5812625,0.032923271543437244,1.1352719953472066,1.1275887494630454,0.9606077625025201,1.0425677107256384,1.2053587557657295,1.3822781487242553,0.6437650693293234,1.0000001266598701,0.6437650693293234,0.26810810872867924,12.161708254367113,0.10434522386785527,0.58935546875,11.266120476007927,0.0,33537
nn_historical_replay,nn,10,2,1.1,True,1.471980013216096,0.0,-0.46792505276782814,0.6135,1.471980013216096,0.6135,0.594,0.6335,0.14493909947002437,1.091175974450459,1.2037297629781891,0.4226021604968846,0.854048174286179,1.3202542323230617,1.4985610630444568,6.980575722841481,8.000000000000002,-3.019424277158519,1.9321260107760088,402.8672196347619,0.3176080411086046,1.0,6.740379807000863,0.0,35082
nn_historical_replay_long_only,nn,10,2,1.1,True,2.2219345758983113,0.0,-0.6111066027253651,0.7105,2.2219345758983113,0.7105,0.690475,0.7287625,0.06955807963514246,1.5295483471213915,1.3793952587025742,0.6792004673363153,1.0524831604553704,1.8972439310778169,2.8156193572463977,1.9988470624928452,1.9988502264022827,1.9988470624928452,0.9997451435867234,0.00018846988677978516,0.4606831887335615,1.0,7.350027182998019,0.0,35082
deep_bsde,nn,10,2,1.1,True,1.5983848298041314,0.0,-0.37527657719880414,0.797,1.5983848298041314,0.797,0.7795,0.8135,0.12031662957030291,1.2236429414264829,1.3121333434885227,0.30376288978139426,1.205133108954891,1.434623147801465,1.7309195529374475,7.995883679745802,8.000000000000002,-1.996409930755843,2.1692237355801955,237.7864825480019,0.3003590007860943,0.8721133470535278,36.41848520700296,0.0,59280
pinn,nn,10,2,1.1,True,2.243989880512414,0.0,-0.17182376708637082,0.8735,2.243989880512414,0.8735,0.8595,0.887,0.0343229824031197,1.293411242410824,1.3146792336344453,0.8315869785757466,1.2045450239711961,1.4280900400398382,1.625495625568018,8.0,8.000000000000002,-2.0,2.529343774374284,48.20086964910931,0.18753328484652748,0.8449780941009521,63.81111371800944,0.0,9227
actor_critic,nn,10,2,1.1,True,2.583221339799121,0.0,-0.3000469985753065,0.869,2.583221339799121,0.869,0.8545,0.8832625,0.0537837592081648,1.3251073153948656,1.351430062530467,0.573301811386625,1.2247809874803455,1.492805295088125,1.7755384560486274,8.0,8.000000000000002,-2.0,2.197413899175461,56.88475196587545,0.24253369895078442,0.832678496837616,19.76105712399294,0.0,9419
lstm,nn,10,2,1.1,True,3.824667410290949,0.0,-0.3551553116972185,0.8,3.824667410290949,0.8,0.7825,0.8172625,0.042458506136088675,1.4017818416023988,1.3959749060403759,0.7806680004075528,1.1618275760619963,1.6419301749700936,2.0376982377163935,8.0,8.000000000000002,-2.0,2.4309722462155308,32.65292940960055,0.2720276903415746,0.7913483381271362,20.849538288995973,0.0,4938
transformer,nn,10,2,1.1,True,1.3449881266800152,0.0,-0.3304339634330776,0.9145,1.3449881266800152,0.9145,0.903,0.9265,0.04665723544814132,1.2170354780453052,1.2555936052747723,0.5759160216763491,1.198284008843932,1.3215048375112246,1.4363817682287896,8.0,8.000000000000002,-2.0,2.628366496892738,80.25668568444627,0.19037406703083326,0.8891215920448303,107.70259774099395,0.0,17514
es_grpo,nn,10,2,1.1,True,2.2422890329406524,0.0,-0.1892540025749717,0.8525,2.2422890329406524,0.8525,0.837475,0.8675,0.03692504854649474,1.291815702266888,1.3117754098654197,0.794851103333532,1.1868467052166305,1.4388923036609729,1.6573066225178026,8.0,8.000000000000002,-2.0,2.5798074203424677,61.49287788737982,0.18522056692294386,0.83203125,7.201159402000485,0.0,5002
es_grpo_long_only,nn,10,2,1.1,True,1.6752922883180486,0.0,-0.6380933380455918,0.7795,1.6752922883180486,0.7795,0.762,0.7975,0.04692713081512937,1.4610589929697093,1.4124730414439428,0.7544731924730709,1.1445518072544982,1.7566753310615069,2.2592643785397506,2.4896170968440043,2.6636069118976593,2.4896170968440043,0.9769818628605326,24.501494228839874,0.42320453463149843,0.6962890625,8.440849117992911,0.0,5002
fd_nd,fd,10,3,1.1,True,1.245979725917183,0.0,-0.10925245903191527,0.901,1.245979725917183,0.901,0.8877375,0.9142625,0.036415492499264145,1.0982776152883362,1.1347022005965477,0.7363681038624256,1.1181881350946896,1.1505178363023327,1.1694555462465754,1.5335550516692065,8.000000000000002,-0.06958202033653896,0.2624117243583805,303.4250407392731,0.09473374987745757,,0.0,2.283113134006271,0
fd_merton_multi,fd,10,3,1.1,True,1.5418531631187347,0.0,-0.02188869481519473,1.0,1.5418531631187347,,,,,,,,,,,1.0,1.0,0.02774055765295558,0.22187787289251332,0.0,0.031915269350295,,0.0,0.00012062401219736785,0
nn_mlp_small,nn,10,3,1.1,True,2.1183490057028354,0.0,-0.21632227867661724,0.8725,2.1183490057028354,0.8725,0.8575,0.886525,0.04120729652918957,1.3130185021260585,1.3495691754665526,0.7403340809175223,1.225189519701745,1.4578264730913126,1.655746200727587,8.0,8.000000000000002,-2.0,2.4789950396085025,58.11681360164682,0.2280576813190022,0.854509174823761,15.42559565899137,0.0,1482
nn_mlp_deep,nn,10,3,1.1,True,1.5442792751524996,0.0,-0.22326166116701596,0.8895,1.5442792751524996,0.8895,0.874,0.9035,0.03367370643901406,1.227572904486968,1.244966288942911,0.8287213888209418,1.1849141943451955,1.3168588514587154,1.4747442437382154,8.0,8.000000000000002,-2.0,2.5685788857810747,60.08165987875502,0.21164480511467826,0.8786979913711548,16.473975590997725,0.0,6762
nn_policy_net,nn,10,3,1.1,True,2.004239796783349,0.0,-0.17948906177300405,0.891,2.004239796783349,0.891,0.876475,0.9045,0.04772571078607302,1.2733159152425597,1.3101011138071625,0.6210421103764399,1.2189470689460447,1.4053549753427284,1.5909534891929118,8.0,8.000000000000002,-2.0,2.5050140514657278,50.61569969611147,0.17433053147717337,0.870823323726654,16.505459628999233,0.0,34698
nn_ste_goalreach,nn,10,3,1.1,True,2.004239796783349,0.0,-0.17948906177300405,0.891,2.004239796783349,0.891,0.876475,0.9045,0.04772571078607302,1.2733159152425597,1.3101011138071625,0.6210421103764399,1.2189470689460447,1.4053549753427284,1.5909534891929118,8.0,8.000000000000002,-2.0,2.5050140514657278,50.61569969611147,0.17433053147717337,0.87109375,16.513658936994034,0.0,34698
nn_digital_hedge,nn,10,3,1.1,True,1.2648214929357036,0.0,-0.1934142330558255,0.6595,1.2648214929357036,0.6595,0.6362375,0.6792625,0.02521946588462659,1.1723345615498262,1.1513510111052883,0.9624231625714942,1.0682381233570675,1.2566757869929526,1.4442926154751436,2.845549073344588,5.614384561777115,0.07893732060395663,0.631364216940913,28.31991831213236,0.12799711812055403,0.64599609375,14.537307468010113,0.0,33537
nn_policy_long_only,nn,10,3,1.1,True,1.847937170990993,0.0,-0.33554785567894785,0.6935,1.847937170990993,0.6935,0.6725,0.7127625,0.04489188546026367,1.268671870744266,1.2443022405520563,0.8462168197453955,1.0597881282341455,1.4473347336828482,1.7997685379057027,0.9999984996828867,0.9999989867210388,0.9999984996828867,0.9998727940801364,2.244114875793457e-05,0.2391806158206099,0.690113365650177,16.665014080004767,0.0,34698
nn_ste_long_only,nn,10,3,1.1,True,1.847900259185791,0.0,-0.33554422776610704,0.6935,1.847900259185791,0.6935,0.6725,0.7127625,0.04489139258617723,1.2686645337856644,1.2442948559490823,0.846222336558364,1.059788198980195,1.4473272045266548,1.7997478502578645,1.000000712260678,1.000001460313797,1.000000712260678,0.9998348443662349,3.0159950256347656e-05,0.23917460056560416,0.708984375,8.448796105993097,0.0,34698
nn_digital_hedge_long_only,nn,10,3,1.1,False,1.0944506694640979,0.0055493305359022305,-0.28093604725274324,0.6145,1.0944506694640979,0.6145,0.593,0.6357625,0.031354309995012375,1.1455741708527516,1.1283257683140226,0.9495459051918136,1.0485834942762873,1.2200884154422866,1.4038152919885825,0.6774585635952689,1.0000001341104507,0.6774585635952689,0.2801867630499512,14.414079666137695,0.11469319859530347,0.5771484375,14.599904200003948,0.0,33537
nn_historical_replay,nn,10,3,1.1,True,2.1282870975409605,0.0,-0.21043716336208373,0.79,2.1282870975409605,0.79,0.77,0.808,0.0905614480441181,1.2668410351780168,1.379543974856909,0.46563997590678474,1.1931810588602743,1.4782908960917949,1.6361842943717468,8.0,8.000000000000002,-2.0,1.5274370313799135,98.4104412298413,0.20201641873378687,1.0,7.430913777003298,0.0,35082
nn_historical_replay_long_only,nn,10,3,1.1,True,2.221763097582511,0.0,-0.6110722503480379,0.7005,2.221763097582511,0.7005,0.679475,0.7197625,0.07447767025009794,1.5355903648330855,1.4090799223385717,0.6830356147366184,1.0302131259825331,1.9011301137903458,2.855689161523948,1.998643223563237,1.9986493587493896,1.998643223563237,0.9995242904074749,0.0002566874027252197,0.4606325196201181,1.0,7.452711560996249,0.0,35082
deep_bsde,nn,10,3,1.1,True,6.784491765053056,0.0,-0.34211155030546436,0.723,6.784491765053056,0.723,0.702475,0.742,0.12957415194735997,1.5165446005382746,1.574216363086735,0.3467269478081712,1.0280236569539567,2.0066837918443587,2.5713523636353837,8.0,8.000000000000002,-2.0,2.6842072475395757,176.8324413450074,0.3229303130812502,0.6955220103263855,13.416627468992374,0.0,59280
pinn,nn,10,3,1.1,True,2.557547237313961,0.0,-0.31780709029664655,0.864,2.557547237313961,0.864,0.8482375,0.878525,0.05331524255657669,1.3340978336554785,1.355468526776906,0.5903289665319656,1.2262129303106182,1.4981843980831315,1.813040198881069,8.0,8.000000000000002,-2.0,2.106060814089868,56.83866379697261,0.24443117300552764,0.8453016877174377,58.347454900998855,0.0,9227
actor_critic,nn,10,3,1.1,True,1.879242382224885,0.0,-0.23718961585864884,0.882,1.879242382224885,0.882,0.8672375,0.895,0.03524374547273144,1.280766433535685,1.2901943133909244,0.8175008767062923,1.2045793988611817,1.3865954313531417,1.6477226536425416,8.0,8.000000000000002,-2.0,2.2171413801339876,65.77197829810852,0.24862156271371977,0.8674042224884033,19.77977263899811,0.0,9419
lstm,nn,10,3,1.1,True,3.1867672853899474,0.0,-0.19230988098044222,0.85,3.1867672853899474,0.85,0.8335,0.865,0.04316015727824099,1.3439418632318374,1.3777682422027766,0.7127776132893742,1.2136517208432673,1.5308715926373782,1.758276025221846,8.0,8.000000000000002,-2.0,2.7686927704334976,41.454741897752854,0.19508506284002183,0.8221293091773987,20.925944616989,0.0,4938
transformer,nn,10,3,1.1,True,4.800429912372824,0.0,-0.3476576767153211,0.812,4.800429912372824,0.812,0.794,0.8285,0.07110967916102236,1.493946246791288,1.5342944983695421,0.5524659218525423,1.2128844994937036,1.810946410611364,2.2524776062734944,8.0,8.000000000000002,-2.0,2.699241217810497,37.78624191165588,0.30412865602012107,0.7317753434181213,50.90470780999749,0.0,17514
es_grpo,nn,10,3,1.1,True,3.3021145612120932,0.0,-0.2870796995655104,0.7815,3.3021145612120932,0.7815,0.7645,0.7992625,0.044041914640594135,1.358736941257803,1.3659100638271466,0.7921980474212812,1.1353258798021573,1.5712651826534982,1.8991471050856188,8.0,8.000000000000002,-2.0,1.536266672411639,30.302949486821227,0.25657019825753574,0.796875,4.4333505959948525,0.0,5002
es_grpo_long_only,nn,10,3,1.1,True,1.6571152569779977,0.0,-0.6924139686528354,0.7385,1.6571152569779977,0.7385,0.719,0.755,0.060821858303205856,1.5652138020013977,1.4470756559857225,0.7210457486997125,1.081498860748543,1.9176674554338207,2.8133536619067647,2.953391944264891,3.0000000000000004,2.953391944264891,0.9419224852633962,7.6674147535212525,0.4789409504188546,0.677734375,6.158932076999918,0.0,5002
fd_nd,fd,10,4,1.1,True,1.245979725917183,0.0,-0.10925245903191527,0.901,1.245979725917183,0.901,0.8877375,0.9142625,0.036415492499264145,1.0982776152883362,1.1347022005965477,0.7363681038624256,1.1181881350946896,1.1505178363023327,1.1694555462465754,1.5335550516692065,8.000000000000002,-0.06958202033653896,0.2624117243583805,303.4250407392731,0.09473374987745757,,0.0,2.283113134006271,0
fd_merton_multi,fd,10,4,1.1,True,1.5418531631187347,0.0,-0.02188869481519473,1.0,1.5418531631187347,,,,,,,,,,,1.0,1.0,0.02774055765295558,0.22187787289251332,0.0,0.031915269350295,,0.0,0.00012062401219736785,0
nn_mlp_small,nn,10,4,1.1,True,1.9189459424982864,0.0,-0.21888560962541648,0.8625,1.9189459424982864,0.8625,0.848,0.8775,0.04112749409054031,1.2959795086655952,1.332019338076576,0.7063038803700377,1.2185757786773495,1.4342994860221654,1.6352216786174463,8.0,8.000000000000002,-2.0,2.545908738755702,60.27577245233303,0.2141756072113119,0.8617335557937622,15.863204508990748,0.0,1482
nn_mlp_deep,nn,10,4,1.1,True,1.8675513503711256,0.0,-0.1838520797603742,0.8905,1.8675513503711256,0.8905,0.8775,0.904,0.04596392689101921,1.266207373842215,1.3023952984352658,0.6080175874757492,1.2240987166098478,1.383832488626886,1.5653789776179587,8.0,8.000000000000002,-2.0,2.5548160599894207,58.27425056290949,0.20800204229596242,0.8834222555160522,17.292670698996517,0.0,6762
nn_policy_net,nn,10,4,1.1,True,1.9304517997050334,0.0,-0.12527790582437714,0.881,1.9304517997050334,0.881,0.867,0.8945,0.0363382141575123,1.2475375837056797,1.2756769694014993,0.7451730137247694,1.1877881163644421,1.3686990805051937,1.5005878457349164,8.0,8.000000000000002,-2.0,2.760228860626188,50.85477074080756,0.15546483615994247,0.8733929395675659,17.020047587997396,0.0,34698
nn_ste_goalreach,nn,10,4,1.1,True,4.977293586030587,0.0,-0.40562399051512965,0.7455,4.977293586030587,0.7455,0.725975,0.7635,0.069763424924628,1.4829224464282613,1.4746051499499688,0.6632259674493198,1.0861983600422611,1.8176217317081922,2.3755609854348845,8.0,8.000000000000002,-2.0,2.0416629021427934,40.51232706462403,0.33794566833044604,0.759765625,8.705069750998518,0.0,34698
nn_digital_hedge,nn,10,4,1.1,True,1.2017922848569496,0.0,-0.13271471690651404,0.564,1.2017922848569496,0.564,0.543,0.5842625,0.025800401227552384,1.1290871544324022,1.1208533401461764,0.9876168130586912,1.055020338314475,1.18352699985068,1.3314507574441619,1.900754810615781,4.1516504138708115,0.052728131163253714,0.4217353290363924,23.109995452687144,0.08805646946246663,0.56884765625,8.16146388600464,0.0,33537
nn_policy_long_only,nn,10,4,1.1,True,2.222163685485808,0.0,-0.6112805837943984,0.6965,2.222163685485808,0.6965,0.6752375,0.7127625,0.07322699587281951,1.5222696970982206,1.3894927249956244,0.6788762303880188,1.0270135840083687,1.8497278285923484,2.8091193933601772,1.9995781615598878,1.9995798468589783,1.9995781615598878,0.9999054547566086,0.00011932849884033203,0.4608654697990406,0.6914787292480469,17.41933724998671,0.0,34698
nn_ste_long_only,nn,10,4,1.1,True,2.222171575455617,0.0,-0.6112922152524181,0.6965,2.222171575455617,0.6965,0.6752375,0.7127625,0.07322867225310359,1.5222839315942451,1.3894991706249615,0.6788687703166424,1.027010483170574,1.8497503191155866,2.809181864699958,1.9996303236899684,1.9996318817138672,1.9996303236899684,0.9999027097996195,0.00010767579078674316,0.46087683056739015,0.7041015625,11.364430177010945,0.0,34698
nn_digital_hedge_long_only,nn,10,4,1.1,False,1.0420604453662976,0.057939554633702484,-0.2629972236761742,0.5965,1.0420604453662976,0.5965,0.5722375,0.616025,0.0316131465604672,1.1414983260178697,1.1227415542220758,0.9569148854968219,1.046758201737307,1.2171479111255106,1.403232928712959,0.6033301926815687,1.0000001266598701,0.6033301926815687,0.2514304616113207,7.583480823785067,0.10443114913461313,0.57373046875,15.864212613989366,0.0,33537
nn_historical_replay,nn,10,4,1.1,True,1.4097189402393004,0.0,-0.5407437307947877,0.6015,1.4097189402393004,0.6015,0.58,0.6222625,0.1578041117954379,1.0641498781590621,1.1957147357447733,0.37074056094165303,0.8169324448763211,1.2854948975081386,1.4453936254685047,6.523407809295464,8.000000000000002,-3.4765921907045354,2.019409314894076,490.6973080264885,0.42484896601895894,1.0,7.516919332992984,0.0,35082
nn_historical_replay_long_only,nn,10,4,1.1,True,2.220982672437317,0.0,-0.6104946081201501,0.6965,2.220982672437317,0.6965,0.6752375,0.7127625,0.0731035704609022,1.5211937936354278,1.3889891240648116,0.6795173499639344,1.0271812890743495,1.8480616656943423,2.80448816733514,1.9961087812831746,1.9961500465869904,1.9961087812831746,0.9979438410469549,0.001888275146484375,0.46002279604387214,1.0,7.779717236000579,0.0,35082
deep_bsde,nn,10,4,1.1,True,1.2991476550133134,0.0,-0.3221275050442669,0.771,1.2991476550133134,0.771,0.7532375,0.788,0.060504121787268335,1.1488659559093932,1.1594674666502822,0.6199831154695182,1.1082278999079926,1.2055645077771573,1.536973021063693,7.999971118851088,8.000000000000002,-2.0000288811489124,2.25652271118556,202.83562174206025,0.2815870102992088,0.8700828552246094,40.12237838099827,0.0,59280
pinn,nn,10,4,1.1,True,2.153383374110634,0.0,-0.27622856291220244,0.87,2.153383374110634,0.87,0.855,0.884,0.04543075770100741,1.2939422542007954,1.3131056308404507,0.6141761407896265,1.2034875277354722,1.4340309612203606,1.6926171077771703,8.0,8.000000000000002,-2.0,2.248264118700205,62.35225387789342,0.22310055888853428,0.8704336881637573,62.81914688099641,0.0,9227
actor_critic,nn,10,4,1.1,True,1.9577548939774363,0.0,-0.21146260447328713,0.874,1.9577548939774363,0.874,0.8597375,0.8875,0.04854484349164816,1.2759225794526132,1.317308641095421,0.6060262146704227,1.2222158309855788,1.4053678243657088,1.6072995567240471,8.0,8.000000000000002,-2.0,2.5666582366666897,59.45923645373156,0.21569380014205944,0.8669412732124329,20.562862904000212,0.0,9419
lstm,nn,10,4,1.1,True,4.921336008471642,0.0,-0.39482009890743486,0.7665,4.921336008471642,0.7665,0.749,0.7845,0.05302420150246611,1.437753391004475,1.416614051114987,0.733692077142148,1.117108390629153,1.712800776128492,2.205519804748798,8.0,8.000000000000002,-2.0,2.3183794127975306,29.630505733976953,0.31908474996167807,0.7483078241348267,21.244301494996762,0.0,4938
transformer,nn,10,4,1.1,True,2.392457510964113,0.0,-0.16899854159719385,0.831,2.392457510964113,0.831,0.8137375,0.847,0.06192097022692819,1.4083236190530752,1.4726114467473486,0.5994475408744793,1.2649230080057214,1.6541340182930182,1.9229881520138583,8.0,8.000000000000002,-2.0,2.8763886167362993,82.55172252608378,0.20491592692732322,0.7527346611022949,58.48577854000905,0.0,17514
es_grpo,nn,10,4,1.1,True,3.4589988055512073,0.0,-0.2699057021820791,0.794,3.4589988055512073,0.794,0.7757375,0.8117625,0.06100800347368468,1.3636967688199297,1.3963980557185531,0.6308290422596922,1.1660725991635394,1.6022524859478808,1.9243664344655282,8.0,8.000000000000002,-2.0,2.0556115705087703,37.93137150299183,0.22583676985600765,0.7939453125,8.009927242994308,0.0,5002
es_grpo_long_only,nn,10,4,1.1,True,1.7088250995004002,0.0,-0.6286339858259824,0.7405,1.7088250995004002,0.7405,0.721475,0.757025,0.0556243280716958,1.4882818841597156,1.4055549989459124,0.7359826872849243,1.0895928920015834,1.793223645575437,2.5070663881440094,2.269218744122567,2.4515404105186462,2.269218744122567,0.9689061336849459,11.467403441667557,0.42479160691900103,0.705078125,8.81716671200411,0.0,5002
fd_nd,fd,10,5,1.1,True,1.245979725917183,0.0,-0.10925245903191527,0.901,1.245979725917183,0.901,0.8877375,0.9142625,0.036415492499264145,1.0982776152883362,1.1347022005965477,0.7363681038624256,1.1181881350946896,1.1505178363023327,1.1694555462465754,1.5335550516692065,8.000000000000002,-0.06958202033653896,0.2624117243583805,303.4250407392731,0.09473374987745757,,0.0,2.283113134006271,0
fd_merton_multi,fd,10,5,1.1,True,1.5418531631187347,0.0,-0.02188869481519473,1.0,1.5418531631187347,,,,,,,,,,,1.0,1.0,0.02774055765295558,0.22187787289251332,0.0,0.031915269350295,,0.0,0.00012062401219736785,0
nn_mlp_small,nn,10,5,1.1,True,2.086783591856311,0.0,-0.22786486867352007,0.87,2.086783591856311,0.87,0.8555,0.885,0.04284193934134878,1.2898408538424124,1.319809897734829,0.6850444969091238,1.2110091043195659,1.4231246113037042,1.6519474626782513,8.0,8.000000000000002,-2.0,2.5040172486787067,60.40992344275479,0.23237436375650056,0.8471730947494507,16.014860962997773,0.0,1482
nn_mlp_deep,nn,10,5,1.1,True,2.134945201179968,0.0,-0.20108117300081507,0.8805,2.134945201179968,0.8805,0.866,0.8955,0.04603412271939024,1.283027440287105,1.3268017060449562,0.6384210941435084,1.2311337099835373,1.4089618174212033,1.59745032341514,8.0,8.000000000000002,-2.0,2.586689708045916,50.203185446890465,0.216760160183277,0.8621035218238831,17.08057028800249,0.0,6762
nn_policy_net,nn,10,5,1.1,True,1.475222538490711,0.0,-0.24402309839142444,0.903,1.475222538490711,0.903,0.89,0.9157625,0.042410905318345335,1.2406385222916625,1.274609250861539,0.676402864367081,1.2154667815017894,1.3408515987134835,1.4968065930550736,8.0,8.000000000000002,-2.0,2.371080264364792,70.44630835045578,0.19190590130003998,0.8773633241653442,17.3421973670047,0.0,34698
nn_ste_goalreach,nn,10,5,1.1,True,1.475222538490711,0.0,-0.24402309839142444,0.903,1.475222538490711,0.903,0.89,0.9157625,0.042410905318345335,1.2406385222916625,1.274609250861539,0.676402864367081,1.2154667815017894,1.3408515987134835,1.4968065930550736,8.0,8.000000000000002,-2.0,2.371080264364792,70.44630835045578,0.19190590130003998,0.8779296875,17.399769893003395,0.0,34698
nn_digital_hedge,nn,10,5,1.1,True,1.2011158040914152,0.0,-0.08091161606070563,0.385,1.2011158040914152,0.385,0.3647375,0.40676249999999997,0.02990690656235222,1.0914479853019574,1.0891982217658458,0.9966051481301509,1.0441099770218647,1.123914532595243,1.2119931965436754,1.3423543764704569,2.702903874218464,0.037237753380849885,0.29783865893954664,18.734135096892715,0.058635241329344286,0.40869140625,14.086761137994472,0.0,33537
nn_policy_long_only,nn,10,5,1.1,True,1.8479771193234917,0.0,-0.33556365418771295,0.68,1.8479771193234917,0.68,0.6602375,0.699,0.04572002567159389,1.261830263094775,1.2284470319641454,0.8472328245351882,1.0496337216922864,1.4340635622643878,1.8115493599976225,1.000049689990371,1.0000503957271576,1.000049689990371,0.9999192102038446,3.6209821701049805e-05,0.23919255480542947,0.692852795124054,16.777175085997442,0.0,34698
nn_ste_long_only,nn,10,5,1.1,True,1.8479768401457461,0.0,-0.33556385407989553,0.68,1.8479768401457461,0.68,0.6602375,0.699,0.045720054396287735,1.2618302868196836,1.2284470600444126,0.8472327155333645,1.0496334998844283,1.4340638097333027,1.8115498355040442,1.0000506583434432,1.000051349401474,1.0000506583434432,0.9999189572547799,3.5196542739868164e-05,0.23919262279155212,0.69921875,14.745334834005916,0.0,34698
nn_digital_hedge_long_only,nn,10,5,1.1,True,1.1236089178963042,0.0,-0.21584810017052125,0.5185,1.1236089178963042,0.5185,0.4992375,0.5402625,0.03541495201923118,1.1171870150099217,1.1094110209439076,0.962835623689157,1.033810124306056,1.1678493435036383,1.352373853754394,0.571876973858965,1.0000001266598701,0.571876973858965,0.23832271820425394,4.796980267390609,0.09057187566013923,0.53466796875,8.921720294994884,0.0,33537
nn_historical_replay,nn,10,5,1.1,True,1.4699057169855525,0.0,-0.450214826976559,0.612,1.4699057169855525,0.612,0.592,0.6317625,0.15131942613938712,1.09283950496948,1.2246479022229837,0.40459125348834263,0.8306195962798628,1.326706677374782,1.5148825000574766,6.910241944517069,8.000000000000002,-3.089758055482931,2.1729895729138846,447.36753410388286,0.3554988498110119,1.0,7.52351065199764,0.0,35082
nn_historical_replay_long_only,nn,10,5,1.1,True,2.2221040109211616,0.0,-0.6112896437783603,0.697,2.2221040109211616,0.697,0.6787375,0.7162625,0.07540595916357341,1.5247422702846167,1.374799087160051,0.6683486996545165,1.0222672006905746,1.8475407991640593,2.8973579258555437,1.9996498948305994,1.9996559917926788,1.9996498948305994,0.9998159335027287,0.00024068355560302734,0.46086714547887464,1.0,7.429255954994005,0.0,35082
deep_bsde,nn,10,5,1.1,True,4.895994328225266,0.0,-0.3188820180693782,0.74,4.895994328225266,0.74,0.7222375,0.7585,0.12188532368243749,1.497205397754699,1.5810822321640474,0.36709825247994676,1.0640716784239348,1.9179105788426347,2.4754964125078125,7.999626975984715,8.000000000000002,-2.000373024015284,2.3459885951300294,186.74308824051212,0.3023545620053526,0.7082209587097168,16.6971933599998,0.0,59280
pinn,nn,10,5,1.1,True,1.6429215022196373,0.0,-0.23044401557169203,0.883,1.6429215022196373,0.883,0.8695,0.898,0.04140714939381452,1.2497669431615186,1.290018248414375,0.6748472952828592,1.2150088624399131,1.3514689819085703,1.5093370723284245,8.0,8.000000000000002,-2.0,2.6032976253670723,65.33595706553865,0.22659702726723305,0.8594766855239868,61.78804887799197,0.0,9227
actor_critic,nn,10,5,1.1,True,2.6020312139190733,0.0,-0.29171579571249084,0.8555,2.6020312139190733,0.8555,0.8405,0.8705,0.053156141013824494,1.327136379905268,1.3704469005158546,0.6036810132691817,1.2260768642030144,1.493920116321277,1.750493395533909,8.0,8.000000000000002,-2.0,2.2666753284290664,53.54229409592995,0.2341760108052231,0.8404704332351685,20.149832743991283,0.0,9419
lstm,nn,10,5,1.1,True,4.506806109617694,0.0,-0.3344049683851057,0.7905,4.506806109617694,0.7905,0.7715,0.808,0.04667076326281944,1.4246195177124814,1.4173223132828077,0.7471723682876316,1.1525514140880386,1.6911204471046437,2.113324591998824,8.0,8.000000000000002,-2.0,2.6236490227202403,31.47836277243742,0.27980463753089685,0.7785912752151489,21.553436044006958,0.0,4938
transformer,nn,10,5,1.1,True,5.700992522460025,0.0,-0.3670953989084902,0.754,5.700992522460025,0.754,0.734475,0.7732625,0.08744273409757596,1.542923099309608,1.553762144636175,0.5373668853760128,1.1138942628767154,1.9360281898404652,2.5163534218594585,8.0,8.000000000000002,-2.0,2.426531834554472,41.34461568677487,0.3418784331630412,0.6995053887367249,42.19971758199972,0.0,17514
es_grpo,nn,10,5,1.1,True,3.32367168366041,0.0,-0.3167244188649758,0.767,3.32367168366041,0.767,0.7475,0.7857625,0.04586251582937249,1.3672503579605484,1.3513328793653294,0.7918386690617495,1.1223433378477252,1.5782671133221917,1.9869972663608932,8.0,8.000000000000002,-2.0,1.8864866361303687,41.29474968760188,0.26284913609779664,0.7509765625,4.551024526008405,0.0,5002
es_grpo_long_only,nn,10,5,1.1,True,1.5507391865444866,0.0,-0.6999792789160266,0.74,1.5507391865444866,0.74,0.7212375,0.7595,0.059806175580908706,1.5590042505328956,1.4389641801190138,0.7338141176755808,1.0837057535255727,1.8590743616071026,2.8393284776453473,2.7960280988050337,3.0000000000000004,2.7960280988050337,0.9704603674227612,5.91530439950248,0.47815676838834087,0.6826171875,7.089043493993813,0.0,5002
